id,title,company,location,stipend,duration,type,mode,skills,deadline,url
69f3312a20ba8a2cc74688b5,Software Engineering Intern,Microsoft,Hyderabad / Remote,"₹80,000/month",3 months,internship,hybrid,Python; C++; Algorithms,2026-08-15,https://careers.microsoft.com
69f3312a20ba8a2cc74688b6,Data Science Intern,Flipkart,Bangalore,"₹60,000/month",6 months,internship,onsite,Python; SQL; ML,2026-07-30,https://www.flipkartcareers.com
69f3312a20ba8a2cc74688b7,Product Management Intern,Razorpay,Bangalore / Remote,"₹50,000/month",3 months,internship,hybrid,Product; SQL,2026-08-10,https://razorpay.com/jobs
69f3312a20ba8a2cc74688b8,Founders Office Intern,Zerodha,Bangalore,"₹40,000/month",6 months,internship,onsite,Strategy; Business,2026-07-25,https://zerodha.com/careers
69f3312a20ba8a2cc74688b9,Research Intern,IIT Madras,Chennai,"₹15,000/month",2 months,internship,onsite,Research; Python,2026-07-15,https://www.iitm.ac.in
69f3312a20ba8a2cc74688ba,Marketing Intern,Swiggy,Bangalore / Remote,"₹35,000/month",3 months,internship,hybrid,Marketing; Analytics,2026-08-20,https://careers.swiggy.com
69f3312a20ba8a2cc74688bb,Backend Engineer (SDE-1),Razorpay,Bangalore,₹22-32 LPA,Full-time,job,onsite,Go; Postgres; Redis,2026-09-01,https://razorpay.com/jobs
69f3312a20ba8a2cc74688bc,Frontend Engineer (Remote),Atlassian,Remote (India),₹28-40 LPA,Full-time,job,remote,React; TypeScript; GraphQL,2026-08-30,https://atlassian.com/careers
69f3312a20ba8a2cc74688bd,ML Engineer,Sarvam AI,Bangalore,₹35-50 LPA,Full-time,job,hybrid,PyTorch; LLMs; CUDA,2026-09-15,https://www.sarvam.ai
69f3312a20ba8a2cc74688be,Investment Analyst,Sequoia (Peak XV),Bangalore / Mumbai,₹25-35 LPA,Full-time,job,onsite,Excel; Modeling; Diligence,2026-08-05,https://www.peakxv.com
69f3312a20ba8a2cc74688bf,PhD-Track Researcher,Microsoft Research,Bangalore,₹18-28 LPA,Full-time,job,onsite,Research; Publications,2026-09-30,https://www.microsoft.com/research
69f3312a20ba8a2cc74688c0,Founder's Associate,Cred,Bangalore,₹18-28 LPA,Full-time,job,onsite,Strategy; 0-to-1,2026-08-12,https://cred.club
69f3312a20ba8a2cc74688c1,UX Design Intern,Spotify,Remote,"₹50,000/month",4 months,internship,remote,Figma; User Research,2026-08-25,https://www.lifeatspotify.com
69f3312a20ba8a2cc74688c2,DevOps Intern,Postman,Bangalore / Remote,"₹45,000/month",6 months,internship,hybrid,AWS; Kubernetes; Terraform,2026-09-05,https://www.postman.com/company/careers
69f3312a20ba8a2cc74688c3,Content Strategy Intern,The Ken,Bangalore / Remote,"₹25,000/month",3 months,internship,remote,Writing; Research,2026-07-20,https://the-ken.com
69f3312a20ba8a2cc74688c4,Mechanical Design Engineer,Ola Electric,Bangalore,₹14-22 LPA,Full-time,job,onsite,CAD; FEA; Manufacturing,2026-08-22,https://olaelectric.com/careers
69f3312a20ba8a2cc74688c5,Clinical Data Scientist,Apollo Hospitals,Hyderabad,₹12-18 LPA,Full-time,job,onsite,R; Biostatistics,2026-09-10,https://www.apollohospitals.com/careers
69f3312a20ba8a2cc74688c6,Game Developer,Krafton India,Bangalore,₹16-26 LPA,Full-time,job,onsite,Unreal Engine; C++,2026-08-28,https://krafton.com/careers
69f3312a20ba8a2cc74688c7,Architecture Intern,WeWork India,Mumbai / Bangalore,"₹20,000/month",3 months,internship,onsite,AutoCAD; Sketch,2026-07-28,https://www.wework.co.in
69f3312a20ba8a2cc74688c8,Public Policy Associate,Niti Aayog,New Delhi,₹10-15 LPA,Full-time,job,onsite,Policy; Writing,2026-09-20,https://niti.gov.in
69f4ba1d666614d785f746fc,ML Research Intern,ISRO,Bengaluru / Remote,"₹40,000/month",3 months,Internship,Hybrid,Scikit-learn; Spring Boot; Smart Contracts; Azure,2026-06-24T14:35:09.300000,https://careers.isro.com/job/1
69f4ba1d666614d785f746fd,Business Analyst,MPL,Bengaluru / Remote,"₹60,000/month",3 months,Internship,On-site,React; GCP; Message Queues; Redis; Problem Solving,2026-05-18T14:35:09.300000,https://careers.mpl.com/job/2
69f4ba1d666614d785f746fe,Data Science Intern,Meta,Mumbai / Remote,"₹80,000/month",3 months,Internship,Remote,Data Science; MLOps; JavaScript; FastAPI; Zustand,2026-05-19T14:35:09.300000,https://careers.meta.com/job/3
69f4ba1d666614d785f746ff,Mobile Developer,Zoho,Chennai,"₹80,000/month",3 months,Internship,On-site,Machine Learning; TypeScript; Data Science,2026-06-09T14:35:09.300000,https://careers.zoho.com/job/4
69f4ba1d666614d785f74700,Designer,IBM India,Bengaluru / Remote,₹5.5 LPA,Full-time,Full-time,Remote,System Design; Scikit-learn; Node.js; Java; MySQL,2026-05-17T14:35:09.301000,https://careers.ibmindia.com/job/5
69f4ba1d666614d785f74701,Backend Engineer,Paytm,Noida,"₹25,000/month",3 months,Internship,On-site,CI/CD; Cassandra; Leadership; Django,2026-06-05T14:35:09.301000,https://careers.paytm.com/job/6
69f4ba1d666614d785f74702,Mobile Developer,Oracle,Bengaluru / Remote,"₹25,000/month",3 months,Internship,Hybrid,GCP; Machine Learning,2026-05-24T14:35:09.301000,https://careers.oracle.com/job/7
69f4ba1d666614d785f74703,DevOps Engineer,Salesforce,Hyderabad,₹30.0 LPA,Full-time,Full-time,Remote,Web3; Kubernetes; Flutter; iOS Development; Financial Modeling,2026-05-10T14:35:09.301000,https://careers.salesforce.com/job/8
69f4ba1d666614d785f74704,Frontend Engineer,Razorpay X,Bengaluru,"₹40,000/month",3 months,Internship,On-site,Kubernetes; Product Management; Growth Hacking; Deep Learning,2026-05-09T14:35:09.301000,https://careers.razorpayx.com/job/9
69f4ba1d666614d785f74705,Business Analyst,Apple,Bengaluru / Remote,₹40.0 LPA,Full-time,Full-time,On-site,Rust; MLOps,2026-05-27T14:35:09.301000,https://careers.apple.com/job/10
69f4ba1d666614d785f74706,Designer,BYJU'S,Bengaluru,₹14.0 LPA,Full-time,Full-time,Hybrid,Flutter; R; Data Structures; PHP,2026-06-01T14:35:09.301000,https://careers.byju's.com/job/11
69f4ba1d666614d785f74707,Designer Intern,Dream11,Mumbai,"₹40,000/month",3 months,Internship,On-site,Terraform; PostgreSQL; Solidity; Data Science,2026-06-14T14:35:09.301000,https://careers.dream11.com/job/12
69f4ba1d666614d785f74708,Backend Engineer,DRDO,New Delhi,"₹80,000/month",3 months,Internship,Remote,HTML/CSS; Distributed Systems; Docker; SEO; Hadoop,2026-05-28T14:35:09.301000,https://careers.drdo.com/job/13
69f4ba1d666614d785f74709,Data Science,JP Morgan,Mumbai,₹26.0 LPA,Full-time,Full-time,On-site,Tailwind CSS; Angular,2026-06-22T14:35:09.301000,https://careers.jpmorgan.com/job/14
69f4ba1d666614d785f7470a,Business Analyst,Adobe,Noida / Remote,₹28.0 LPA,Full-time,Full-time,Hybrid,Computer Vision; System Design; Zustand; UX Design,2026-05-11T14:35:09.301000,https://careers.adobe.com/job/15
69f4ba1d666614d785f7470b,Frontend Engineer,TCS,Mumbai / Remote,₹4.0 LPA,Full-time,Full-time,Remote,SQLite; Financial Modeling; R; Growth Hacking,2026-06-02T14:35:09.301000,https://careers.tcs.com/job/16
69f4ba1d666614d785f7470c,ML Research,Razorpay X,Bengaluru,₹8.0 LPA,Full-time,Full-time,Hybrid,PHP; Redux,2026-05-19T14:35:09.301000,https://careers.razorpayx.com/job/17
69f4ba1d666614d785f7470d,Business Analyst,Urban Company,Delhi,₹8.0 LPA,Full-time,Full-time,Hybrid,SEO; PHP,2026-06-14T14:35:09.301000,https://careers.urbancompany.com/job/18
69f4ba1d666614d785f7470e,Business Analyst,Atlassian,Bengaluru,"₹80,000/month",3 months,Internship,Remote,Load Balancing; Java; C++; Solidity,2026-06-15T14:35:09.301000,https://careers.atlassian.com/job/19
69f4ba1d666614d785f7470f,DevOps Engineer,ONGC,New Delhi / Remote,"₹80,000/month",3 months,Internship,Hybrid,DynamoDB; Angular; Distributed Systems; Machine Learning,2026-05-19T14:35:09.301000,https://careers.ongc.com/job/20
69f4ba1d666614d785f74710,Mobile Developer,Wipro,Bengaluru,₹4.0 LPA,Full-time,Full-time,Hybrid,Ethereum; DSA,2026-06-24T14:35:09.301000,https://careers.wipro.com/job/21
69f4ba1d666614d785f74711,Data Science,Morgan Stanley,Mumbai,₹27.0 LPA,Full-time,Full-time,Remote,Web3; React,2026-05-21T14:35:09.301000,https://careers.morganstanley.com/job/22
69f4ba1d666614d785f74712,Product Management,Vedantu,Bengaluru / Remote,₹12.0 LPA,Full-time,Full-time,On-site,Load Balancing; Scikit-learn; Elasticsearch,2026-05-28T14:35:09.301000,https://careers.vedantu.com/job/23
69f4ba1d666614d785f74713,Data Science Intern,Netflix,Mumbai / Remote,"₹15,000/month",3 months,Internship,Remote,MLOps; Business Analytics; R; Power BI,2026-05-24T14:35:09.301000,https://careers.netflix.com/job/24
69f4ba1d666614d785f74714,Designer,Ola,Bengaluru / Remote,₹16.0 LPA,Full-time,Full-time,Hybrid,GitHub Actions; Swift; Firestore,2026-05-19T14:35:09.301000,https://careers.ola.com/job/25
69f4ba1d666614d785f74715,Business Analyst,Niti Aayog,New Delhi / Remote,"₹25,000/month",3 months,Internship,On-site,Data Science; DSA; Android Development; GitHub Actions,2026-05-19T14:35:09.301000,https://careers.nitiaayog.com/job/26
69f4ba1d666614d785f74716,Frontend Engineer,Google,Bengaluru / Remote,₹38.0 LPA,Full-time,Full-time,On-site,Ethereum; Deep Learning; Scala; Azure,2026-06-17T14:35:09.301000,https://careers.google.com/job/27
69f4ba1d666614d785f74717,Product Management,Mphasis,Bengaluru,₹4.2 LPA,Full-time,Full-time,Remote,Message Queues; Hadoop; Caching,2026-05-28T14:35:09.301000,https://careers.mphasis.com/job/28
69f4ba1d666614d785f74718,Designer Intern,L&T Infotech,Mumbai / Remote,"₹25,000/month",3 months,Internship,Hybrid,Agile; Penetration Testing; Go; Leadership; Vue.js,2026-06-05T14:35:09.301000,https://careers.l&tinfotech.com/job/29
69f4ba1d666614d785f74719,Backend Engineer,Zomato,Gurgaon / Remote,"₹25,000/month",3 months,Internship,Remote,Digital Marketing; Figma; Kubernetes; CI/CD; Python,2026-05-24T14:35:09.301000,https://careers.zomato.com/job/30
69f4ba1d666614d785f7471a,Mobile Developer,Meesho,Bengaluru,"₹40,000/month",3 months,Internship,Hybrid,Ruby; TypeScript; MATLAB; Network Security; Problem Solving,2026-06-15T14:35:09.301000,https://careers.meesho.com/job/31
69f4ba1d666614d785f7471b,ML Research Intern,TCS,Mumbai / Remote,"₹80,000/month",3 months,Internship,Hybrid,Go; Docker; React; TypeScript,2026-06-09T14:35:09.301000,https://careers.tcs.com/job/32
69f4ba1d666614d785f7471c,Data Science Intern,Microsoft,Hyderabad / Remote,"₹40,000/month",3 months,Internship,Hybrid,Linux; Express; Machine Learning; Vue.js; Data Science,2026-06-15T14:35:09.301000,https://careers.microsoft.com/job/33
69f4ba1d666614d785f7471d,ML Research Intern,JP Morgan,Mumbai / Remote,"₹15,000/month",3 months,Internship,Remote,iOS Development; DynamoDB; Growth Hacking,2026-06-11T14:35:09.301000,https://careers.jpmorgan.com/job/34
69f4ba1d666614d785f7471e,Product Management Intern,HDFC Bank,Mumbai,"₹80,000/month",3 months,Internship,Hybrid,Caching; Tailwind CSS,2026-06-09T14:35:09.301000,https://careers.hdfcbank.com/job/35
69f4ba1d666614d785f7471f,ML Research,DRDO,New Delhi,₹14.0 LPA,Full-time,Full-time,Hybrid,Ethereum; AWS; Dart; Data Structures,2026-06-09T14:35:09.301000,https://careers.drdo.com/job/36
69f4ba1d666614d785f74720,Designer Intern,ICICI Bank,Mumbai,"₹80,000/month",3 months,Internship,Hybrid,Node.js; C++; UI Design; Machine Learning,2026-05-13T14:35:09.301000,https://careers.icicibank.com/job/37
69f4ba1d666614d785f74721,ML Research,Hasura,Bengaluru,₹20.0 LPA,Full-time,Full-time,Remote,Node.js; Elasticsearch,2026-06-07T14:35:09.301000,https://careers.hasura.com/job/38
69f4ba1d666614d785f74722,ML Research Intern,HDFC Bank,Mumbai / Remote,"₹25,000/month",3 months,Internship,Hybrid,TensorFlow; Figma; Web3; GCP; Data Science,2026-05-19T14:35:09.301000,https://careers.hdfcbank.com/job/39
69f4ba1d666614d785f74723,Software Engineering,Microsoft,Hyderabad,₹36.0 LPA,Full-time,Full-time,Remote,Spring Boot; Algorithms,2026-05-06T14:35:09.301000,https://careers.microsoft.com/job/40
69f4ba1d666614d785f74724,Product Management Intern,Accenture,Bengaluru,"₹40,000/month",3 months,Internship,Remote,C++; Redux; System Design; Next.js; Jenkins,2026-05-22T14:35:09.301000,https://careers.accenture.com/job/41
69f4ba1d666614d785f74725,Software Engineering Intern,Postman,Bengaluru / Remote,"₹40,000/month",3 months,Internship,Remote,Spring Boot; PHP; Penetration Testing,2026-06-03T14:35:09.301000,https://careers.postman.com/job/42
69f4ba1d666614d785f74726,Mobile Developer,InMobi,Bengaluru,"₹80,000/month",3 months,Internship,Remote,Data Structures; Git,2026-06-28T14:35:09.301000,https://careers.inmobi.com/job/43
69f4ba1d666614d785f74727,Data Science Intern,Ola,Bengaluru / Remote,"₹15,000/month",3 months,Internship,On-site,SEO; Flask; Microservices; UI Design,2026-06-14T14:35:09.301000,https://careers.ola.com/job/44
69f4ba1d666614d785f74728,Designer,Oracle,Bengaluru,₹26.0 LPA,Full-time,Full-time,On-site,Angular; Ethereum; PostgreSQL,2026-05-07T14:35:09.301000,https://careers.oracle.com/job/45
69f4ba1d666614d785f74729,Product Management Intern,Reliance Jio,Mumbai,"₹40,000/month",3 months,Internship,Hybrid,REST APIs; Load Balancing; CI/CD; Express; Redux,2026-05-11T14:35:09.301000,https://careers.reliancejio.com/job/46
69f4ba1d666614d785f7472a,ML Research Intern,Razorpay,Bengaluru / Remote,"₹25,000/month",3 months,Internship,On-site,gRPC; Git,2026-06-01T14:35:09.301000,https://careers.razorpay.com/job/47
69f4ba1d666614d785f7472b,DevOps Engineer,OpenAI,Remote / Remote,"₹25,000/month",3 months,Internship,Remote,Kubernetes; Computer Vision; Deep Learning; R,2026-05-09T14:35:09.301000,https://careers.openai.com/job/48
69f4ba1d666614d785f7472c,Software Engineering Intern,BharatPe,Delhi / Remote,"₹15,000/month",3 months,Internship,Remote,Kotlin; React Native; SEO,2026-06-13T14:35:09.301000,https://careers.bharatpe.com/job/49
69f4ba1d666614d785f7472d,ML Research,Spinny,Gurgaon,₹7.0 LPA,Full-time,Full-time,Remote,Load Balancing; Azure,2026-06-09T14:35:09.301000,https://careers.spinny.com/job/50
69f4ba1d666614d785f7472e,ML Research Intern,ONGC,New Delhi,"₹25,000/month",3 months,Internship,On-site,JavaScript; Kotlin; R; Tableau,2026-05-27T14:35:09.301000,https://careers.ongc.com/job/51
69f4ba1d666614d785f7472f,Software Engineering Intern,Microsoft,Hyderabad / Remote,"₹60,000/month",3 months,Internship,Remote,Django; Penetration Testing; NumPy; Scala; Zustand,2026-05-16T14:35:09.301000,https://careers.microsoft.com/job/52
69f4ba1d666614d785f74730,Product Management Intern,L&T Infotech,Mumbai,"₹15,000/month",3 months,Internship,Hybrid,Ruby; Figma; Terraform; Tableau; Angular,2026-05-07T14:35:09.301000,https://careers.l&tinfotech.com/job/53
69f4ba1d666614d785f74731,Business Analyst,InMobi,Bengaluru,₹18.0 LPA,Full-time,Full-time,Remote,Tableau; Dart,2026-06-10T14:35:09.301000,https://careers.inmobi.com/job/54
69f4ba1d666614d785f74732,ML Research Intern,Google,Bengaluru,"₹40,000/month",3 months,Internship,Remote,GraphQL; CI/CD; Rust; Angular,2026-05-24T14:35:09.301000,https://careers.google.com/job/55
69f4ba1d666614d785f74733,Business Analyst,Mindtree,Bengaluru / Remote,"₹40,000/month",3 months,Internship,On-site,Java; Angular; Firestore; Redux; Django,2026-06-23T14:35:09.301000,https://careers.mindtree.com/job/56
69f4ba1d666614d785f74734,Product Management Intern,Amazon,Bengaluru / Remote,"₹60,000/month",3 months,Internship,On-site,Solidity; PyTorch; Business Analytics; Scikit-learn,2026-06-14T14:35:09.301000,https://careers.amazon.com/job/57
69f4ba1d666614d785f74735,Mobile Developer,Spinny,Gurgaon,₹7.0 LPA,Full-time,Full-time,On-site,DynamoDB; R; FastAPI; Next.js,2026-05-11T14:35:09.301000,https://careers.spinny.com/job/58
69f4ba1d666614d785f74736,Frontend Engineer,TCS,Mumbai,₹4.0 LPA,Full-time,Full-time,On-site,Agile; Vue.js,2026-06-27T14:35:09.301000,https://careers.tcs.com/job/59
69f4ba1d666614d785f74737,Data Science Intern,Accenture,Bengaluru / Remote,"₹80,000/month",3 months,Internship,On-site,Next.js; MATLAB,2026-06-17T14:35:09.301000,https://careers.accenture.com/job/60
69f4ba1d666614d785f74738,Business Analyst,Salesforce,Hyderabad / Remote,"₹80,000/month",3 months,Internship,On-site,System Design; GitHub Actions; Ethereum; Problem Solving; MySQL,2026-06-01T14:35:09.301000,https://careers.salesforce.com/job/61
69f4ba1d666614d785f74739,Frontend Engineer,Spinny,Gurgaon / Remote,"₹40,000/month",3 months,Internship,On-site,Kubernetes; Kotlin; Java; Power BI; Computer Vision,2026-06-04T14:35:09.301000,https://careers.spinny.com/job/62
69f4ba1d666614d785f7473a,Business Analyst,BYJU'S,Bengaluru / Remote,"₹15,000/month",3 months,Internship,On-site,Caching; Dart,2026-06-06T14:35:09.301000,https://careers.byju's.com/job/63
69f4ba1d666614d785f7473b,Business Analyst,Atlassian,Bengaluru,"₹80,000/month",3 months,Internship,Remote,Rust; GitHub Actions,2026-06-27T14:35:09.301000,https://careers.atlassian.com/job/64
69f4ba1d666614d785f7473c,Designer,Morgan Stanley,Mumbai / Remote,₹27.0 LPA,Full-time,Full-time,Remote,Spring Boot; PostgreSQL; System Design; WebSockets,2026-05-23T14:35:09.301000,https://careers.morganstanley.com/job/65
69f4ba1d666614d785f7473d,Software Engineering Intern,Zomato,Gurgaon,"₹25,000/month",3 months,Internship,Remote,DynamoDB; PostgreSQL; Deep Learning; Redux; Angular,2026-05-10T14:35:09.301000,https://careers.zomato.com/job/66
69f4ba1d666614d785f7473e,Software Engineering,ICICI Bank,Mumbai / Remote,₹8.0 LPA,Full-time,Full-time,Remote,Java; GCP; SQLite,2026-06-23T14:35:09.301000,https://careers.icicibank.com/job/67
69f4ba1d666614d785f7473f,DevOps Engineer,Amazon,Bengaluru,"₹60,000/month",3 months,Internship,On-site,GraphQL; Growth Hacking; MongoDB; Web3; Algorithms,2026-05-21T14:35:09.301000,https://careers.amazon.com/job/68
69f4ba1d666614d785f74740,Data Science Intern,Google,Bengaluru / Remote,"₹60,000/month",3 months,Internship,On-site,React; REST APIs,2026-06-26T14:35:09.301000,https://careers.google.com/job/69
69f4ba1d666614d785f74741,Mobile Developer,Salesforce,Hyderabad,"₹25,000/month",3 months,Internship,On-site,Flask; Vue.js; Scrum,2026-06-04T14:35:09.301000,https://careers.salesforce.com/job/70
69f4ba1d666614d785f74742,Designer,DRDO,New Delhi,₹14.0 LPA,Full-time,Full-time,Remote,Terraform; Java,2026-05-25T14:35:09.301000,https://careers.drdo.com/job/71
69f4ba1d666614d785f74743,Software Engineering Intern,Cars24,Gurgaon,"₹80,000/month",3 months,Internship,On-site,Terraform; GraphQL; Go; Rust,2026-06-27T14:35:09.301000,https://careers.cars24.com/job/72
69f4ba1d666614d785f74744,ML Research,InMobi,Bengaluru,₹18.0 LPA,Full-time,Full-time,On-site,Deep Learning; React; R,2026-05-11T14:35:09.301000,https://careers.inmobi.com/job/73
69f4ba1d666614d785f74745,Product Management Intern,Atlassian,Bengaluru / Remote,"₹80,000/month",3 months,Internship,Remote,Git; gRPC; SQLite; Power BI,2026-06-26T14:35:09.301000,https://careers.atlassian.com/job/74
69f4ba1d666614d785f74746,ML Research,Postman,Bengaluru / Remote,₹22.0 LPA,Full-time,Full-time,Hybrid,Swift; Azure,2026-06-23T14:35:09.301000,https://careers.postman.com/job/75
69f4ba1d666614d785f74747,Business Analyst,Apple,Bengaluru / Remote,"₹40,000/month",3 months,Internship,Hybrid,Load Balancing; Cybersecurity; Android Development; REST APIs; MySQL,2026-06-30T14:35:09.301000,https://careers.apple.com/job/76
69f4ba1d666614d785f74748,Software Engineering Intern,OpenAI,Remote,"₹25,000/month",3 months,Internship,Remote,WebSockets; UI Design; DSA,2026-06-20T14:35:09.301000,https://careers.openai.com/job/77
69f4ba1d666614d785f74749,Mobile Developer,Axis Bank,Mumbai / Remote,"₹80,000/month",3 months,Internship,Remote,Figma; FastAPI; Data Science,2026-06-24T14:35:09.301000,https://careers.axisbank.com/job/78
69f4ba1d666614d785f7474a,Backend Engineer,Razorpay X,Bengaluru / Remote,"₹25,000/month",3 months,Internship,Hybrid,Power BI; Swift; Tableau; gRPC,2026-06-04T14:35:09.301000,https://careers.razorpayx.com/job/79
69f4ba1d666614d785f7474b,Software Engineering Intern,Cred,Bengaluru / Remote,"₹15,000/month",3 months,Internship,On-site,FastAPI; AWS; Pandas,2026-05-24T14:35:09.301000,https://careers.cred.com/job/80
69f4ba1d666614d785f7474c,DevOps Engineer,Deutsche Bank,Mumbai / Remote,"₹15,000/month",3 months,Internship,On-site,MATLAB; Microservices; Dart; Scrum,2026-06-15T14:35:09.301000,https://careers.deutschebank.com/job/81
69f4ba1d666614d785f7474d,Software Engineering Intern,Accenture,Bengaluru / Remote,"₹60,000/month",3 months,Internship,Remote,Communication; Jenkins; Dart; TypeScript,2026-06-13T14:35:09.301000,https://careers.accenture.com/job/82
69f4ba1d666614d785f7474e,Designer Intern,Cars24,Gurgaon / Remote,"₹25,000/month",3 months,Internship,Remote,PHP; Next.js,2026-06-08T14:35:09.301000,https://careers.cars24.com/job/83
69f4ba1d666614d785f7474f,DevOps Engineer,Salesforce,Hyderabad / Remote,₹30.0 LPA,Full-time,Full-time,Remote,Node.js; Next.js; Caching,2026-05-28T14:35:09.301000,https://careers.salesforce.com/job/84
69f4ba1d666614d785f74750,DevOps Engineer,Postman,Bengaluru,₹22.0 LPA,Full-time,Full-time,On-site,Java; Tableau; Solidity; Machine Learning,2026-05-20T14:35:09.301000,https://careers.postman.com/job/85
69f4ba1d666614d785f74751,Product Management Intern,Postman,Bengaluru / Remote,"₹25,000/month",3 months,Internship,Remote,Elasticsearch; Figma,2026-06-03T14:35:09.301000,https://careers.postman.com/job/86
69f4ba1d666614d785f74752,Data Science Intern,TCS,Mumbai / Remote,"₹40,000/month",3 months,Internship,Hybrid,MATLAB; Network Security,2026-05-21T14:35:09.301000,https://careers.tcs.com/job/87
69f4ba1d666614d785f74753,Backend Engineer,Freshworks,Chennai / Remote,₹18.0 LPA,Full-time,Full-time,Hybrid,Hadoop; React Native; gRPC; Flask,2026-06-01T14:35:09.301000,https://careers.freshworks.com/job/88
69f4ba1d666614d785f74754,Product Management Intern,Swiggy,Bengaluru,"₹60,000/month",3 months,Internship,Hybrid,Ethereum; R; Web3; Agile,2026-06-17T14:35:09.301000,https://careers.swiggy.com/job/89
69f4ba1d666614d785f74755,DevOps Engineer,Google,Bengaluru / Remote,"₹25,000/month",3 months,Internship,Remote,Data Structures; Financial Modeling; Terraform; AWS; Problem Solving,2026-06-29T14:35:09.301000,https://careers.google.com/job/90
69f4ba1d666614d785f74756,Business Analyst,Niti Aayog,New Delhi / Remote,₹12.0 LPA,Full-time,Full-time,Remote,System Design; TensorFlow; Data Science; WebSockets; Growth Hacking,2026-06-05T14:35:09.301000,https://careers.nitiaayog.com/job/91
69f4ba1d666614d785f74757,DevOps Engineer,Zomato,Gurgaon,"₹15,000/month",3 months,Internship,On-site,Azure; Java; TypeScript,2026-06-26T14:35:09.301000,https://careers.zomato.com/job/92
69f4ba1d666614d785f74758,Frontend Engineer,Bajaj Finance,Pune / Remote,₹10.0 LPA,Full-time,Full-time,On-site,Next.js; Flask; DynamoDB,2026-05-25T14:35:09.301000,https://careers.bajajfinance.com/job/93
69f4ba1d666614d785f74759,Backend Engineer,L&T Infotech,Mumbai / Remote,"₹60,000/month",3 months,Internship,On-site,React Native; Scala,2026-06-28T14:35:09.301000,https://careers.l&tinfotech.com/job/94
69f4ba1d666614d785f7475a,DevOps Engineer,IBM India,Bengaluru / Remote,"₹40,000/month",3 months,Internship,Remote,Load Balancing; Content Strategy; Tailwind CSS; C++,2026-06-26T14:35:09.301000,https://careers.ibmindia.com/job/95
69f4ba1d666614d785f7475b,Designer Intern,Goldman Sachs,Bengaluru / Remote,"₹25,000/month",3 months,Internship,On-site,SEO; Node.js; System Design; Microservices; PHP,2026-06-04T14:35:09.301000,https://careers.goldmansachs.com/job/96
69f4ba1d666614d785f7475c,Designer Intern,BYJU'S,Bengaluru / Remote,"₹80,000/month",3 months,Internship,Remote,Agile; iOS Development; Content Strategy; MySQL,2026-06-26T14:35:09.301000,https://careers.byju's.com/job/97
69f4ba1d666614d785f7475d,Software Engineering Intern,InMobi,Bengaluru / Remote,"₹40,000/month",3 months,Internship,Remote,MLOps; C++; GitHub Actions; gRPC; SEO,2026-06-29T14:35:09.301000,https://careers.inmobi.com/job/98
69f4ba1d666614d785f7475e,Frontend Engineer,Paytm,Noida,"₹15,000/month",3 months,Internship,Remote,Elasticsearch; Node.js; Leadership; Web3,2026-06-26T14:35:09.301000,https://careers.paytm.com/job/99
69f4ba1d666614d785f7475f,DevOps Engineer,Apple,Bengaluru,"₹15,000/month",3 months,Internship,Hybrid,Rust; Elasticsearch; Penetration Testing; Web3; Computer Vision,2026-06-27T14:35:09.301000,https://careers.apple.com/job/100
69f4ba1d666614d785f74760,ML Research,Oracle,Bengaluru / Remote,₹26.0 LPA,Full-time,Full-time,On-site,Rust; Kotlin; Node.js; Flutter; Problem Solving,2026-06-13T14:35:09.301000,https://careers.oracle.com/job/101
69f4ba1d666614d785f74761,Mobile Developer,OpenAI,Remote / Remote,"₹15,000/month",3 months,Internship,On-site,TypeScript; Java; Express; Redis,2026-05-21T14:35:09.301000,https://careers.openai.com/job/102
69f4ba1d666614d785f74762,Data Science Intern,Oracle,Bengaluru,"₹60,000/month",3 months,Internship,Hybrid,Smart Contracts; Figma; Distributed Systems; Linux; Go,2026-05-15T14:35:09.301000,https://careers.oracle.com/job/103
69f4ba1d666614d785f74763,Mobile Developer,OpenAI,Remote,₹60.0 LPA,Full-time,Full-time,Remote,R; Message Queues; UI Design; MySQL,2026-05-27T14:35:09.301000,https://careers.openai.com/job/104
69f4ba1d666614d785f74764,Data Science Intern,Goldman Sachs,Bengaluru,"₹15,000/month",3 months,Internship,On-site,Firestore; FastAPI; Computer Vision; HTML/CSS; Data Structures,2026-06-05T14:35:09.301000,https://careers.goldmansachs.com/job/105
69f4ba1d666614d785f74765,Mobile Developer,Niti Aayog,New Delhi / Remote,"₹80,000/month",3 months,Internship,Remote,Scikit-learn; Vue.js,2026-06-23T14:35:09.301000,https://careers.nitiaayog.com/job/106
69f4ba1d666614d785f74766,Designer,JP Morgan,Mumbai,₹26.0 LPA,Full-time,Full-time,Hybrid,Machine Learning; JavaScript,2026-05-13T14:35:09.301000,https://careers.jpmorgan.com/job/107
69f4ba1d666614d785f74767,Business Analyst,Flipkart,Bengaluru / Remote,"₹60,000/month",3 months,Internship,Remote,Agile; Android Development; Smart Contracts,2026-05-22T14:35:09.301000,https://careers.flipkart.com/job/108
69f4ba1d666614d785f74768,Designer Intern,Zoho,Chennai / Remote,"₹15,000/month",3 months,Internship,Hybrid,Go; PyTorch; Linux,2026-05-06T14:35:09.301000,https://careers.zoho.com/job/109
69f4ba1d666614d785f74769,Software Engineering,Microsoft,Hyderabad,₹36.0 LPA,Full-time,Full-time,On-site,Content Strategy; GCP; NumPy; Power BI,2026-05-16T14:35:09.301000,https://careers.microsoft.com/job/110
69f4ba1d666614d785f7476a,Product Management Intern,MPL,Bengaluru,"₹15,000/month",3 months,Internship,Hybrid,Django; Jenkins; Redux,2026-05-31T14:35:09.301000,https://careers.mpl.com/job/111
69f4ba1d666614d785f7476b,DevOps Engineer,L&T Infotech,Mumbai,"₹60,000/month",3 months,Internship,Remote,gRPC; Jenkins; Communication; Scikit-learn; C++,2026-06-18T14:35:09.301000,https://careers.l&tinfotech.com/job/112
69f4ba1d666614d785f7476c,Backend Engineer,Goldman Sachs,Bengaluru / Remote,"₹15,000/month",3 months,Internship,Hybrid,Problem Solving; Web3; Angular; Scala,2026-06-22T14:35:09.301000,https://careers.goldmansachs.com/job/113
69f4ba1d666614d785f7476d,ML Research,TCS,Mumbai,₹4.0 LPA,Full-time,Full-time,On-site,Ruby; Python; Apache Spark; Java; Django,2026-05-08T14:35:09.301000,https://careers.tcs.com/job/114
69f4ba1d666614d785f7476e,Data Science,Postman,Bengaluru,₹22.0 LPA,Full-time,Full-time,On-site,MySQL; Django; Problem Solving,2026-06-09T14:35:09.301000,https://careers.postman.com/job/115
69f4ba1d666614d785f7476f,Software Engineering Intern,Dream11,Mumbai,"₹40,000/month",3 months,Internship,On-site,Power BI; Swift; FastAPI; JavaScript,2026-05-12T14:35:09.301000,https://careers.dream11.com/job/116
69f4ba1d666614d785f74770,Backend Engineer,Adobe,Noida / Remote,₹28.0 LPA,Full-time,Full-time,Hybrid,Spring Boot; Go; Angular; R,2026-05-30T14:35:09.301000,https://careers.adobe.com/job/117
69f4ba1d666614d785f74771,Business Analyst,Mphasis,Bengaluru / Remote,₹4.2 LPA,Full-time,Full-time,Remote,Algorithms; Growth Hacking; GraphQL; Spring Boot; Communication,2026-05-20T14:35:09.301000,https://careers.mphasis.com/job/118
69f4ba1d666614d785f74772,Mobile Developer,Google,Bengaluru,"₹60,000/month",3 months,Internship,Remote,Smart Contracts; PostgreSQL,2026-05-22T14:35:09.301000,https://careers.google.com/job/119
69f4ba1d666614d785f74773,Backend Engineer,Axis Bank,Mumbai,₹7.0 LPA,Full-time,Full-time,Remote,React; DynamoDB; Scikit-learn; GraphQL; Microservices,2026-06-22T14:35:09.301000,https://careers.axisbank.com/job/120
69f4ba1d666614d785f74774,Business Analyst,Adobe,Noida,₹28.0 LPA,Full-time,Full-time,On-site,SQLite; Financial Modeling; R; Vue.js; Spring Boot,2026-06-23T14:35:09.301000,https://careers.adobe.com/job/121
69f4ba1d666614d785f74775,Business Analyst,Capgemini,Mumbai / Remote,"₹60,000/month",3 months,Internship,Hybrid,Kubernetes; UX Design; Go,2026-05-16T14:35:09.301000,https://careers.capgemini.com/job/122
69f4ba1d666614d785f74776,Frontend Engineer,Flipkart,Bengaluru / Remote,"₹60,000/month",3 months,Internship,Remote,Deep Learning; Smart Contracts; Solidity; Docker,2026-06-24T14:35:09.301000,https://careers.flipkart.com/job/123
69f4ba1d666614d785f74777,ML Research Intern,IBM India,Bengaluru,"₹15,000/month",3 months,Internship,Remote,JavaScript; Pandas,2026-06-27T14:35:09.301000,https://careers.ibmindia.com/job/124
69f4ba1d666614d785f74778,Software Engineering,Mphasis,Bengaluru / Remote,₹4.2 LPA,Full-time,Full-time,Hybrid,MLOps; UI Design; Ethereum; Spring Boot; Apache Spark,2026-05-12T14:35:09.301000,https://careers.mphasis.com/job/125
69f4ba1d666614d785f74779,Mobile Developer,Amazon,Bengaluru / Remote,₹32.0 LPA,Full-time,Full-time,On-site,MongoDB; Ruby; Redis; Power BI; Cassandra,2026-05-30T14:35:09.301000,https://careers.amazon.com/job/126
69f4ba1d666614d785f7477a,Product Management Intern,HCL Tech,Noida,"₹80,000/month",3 months,Internship,Remote,Scrum; Computer Vision; GitHub Actions; Angular; PyTorch,2026-06-08T14:35:09.301000,https://careers.hcltech.com/job/127
69f4ba1d666614d785f7477b,DevOps Engineer,Spinny,Gurgaon / Remote,"₹25,000/month",3 months,Internship,Remote,Java; PyTorch; Figma,2026-05-15T14:35:09.301000,https://careers.spinny.com/job/128
69f4ba1d666614d785f7477c,Mobile Developer,Freshworks,Chennai / Remote,₹18.0 LPA,Full-time,Full-time,On-site,Competitive Programming; Microservices; GitHub Actions,2026-06-19T14:35:09.301000,https://careers.freshworks.com/job/129
69f4ba1d666614d785f7477d,DevOps Engineer,Ola,Bengaluru / Remote,₹16.0 LPA,Full-time,Full-time,On-site,DSA; Power BI; Scikit-learn; Cybersecurity; Rust,2026-06-26T14:35:09.301000,https://careers.ola.com/job/130
69f4ba1d666614d785f7477e,Software Engineering Intern,BYJU'S,Bengaluru / Remote,"₹40,000/month",3 months,Internship,On-site,SEO; Docker; Flask; gRPC,2026-06-25T14:35:09.301000,https://careers.byju's.com/job/131
69f4ba1d666614d785f7477f,DevOps Engineer,Razorpay,Bengaluru / Remote,"₹40,000/month",3 months,Internship,Remote,Web3; PHP; Cassandra; Android Development; PyTorch,2026-06-24T14:35:09.301000,https://careers.razorpay.com/job/132
69f4ba1d666614d785f74780,Designer Intern,Cognizant,Chennai / Remote,"₹80,000/month",3 months,Internship,Hybrid,Solidity; Scikit-learn,2026-06-04T14:35:09.301000,https://careers.cognizant.com/job/133
69f4ba1d666614d785f74781,Software Engineering Intern,Meesho,Bengaluru,"₹25,000/month",3 months,Internship,Hybrid,iOS Development; Data Structures,2026-06-28T14:35:09.301000,https://careers.meesho.com/job/134
69f4ba1d666614d785f74782,Product Management Intern,Paytm,Noida / Remote,"₹15,000/month",3 months,Internship,On-site,Web3; Next.js; Pandas; Competitive Programming; Express,2026-06-20T14:35:09.301000,https://careers.paytm.com/job/135
69f4ba1d666614d785f74783,Mobile Developer,Bajaj Finance,Pune / Remote,"₹60,000/month",3 months,Internship,Hybrid,NumPy; Docker,2026-06-13T14:35:09.301000,https://careers.bajajfinance.com/job/136
69f4ba1d666614d785f74784,Data Science Intern,Cars24,Gurgaon,"₹40,000/month",3 months,Internship,Hybrid,Flutter; Penetration Testing; System Design; Docker,2026-05-23T14:35:09.301000,https://careers.cars24.com/job/137
69f4ba1d666614d785f74785,Software Engineering Intern,BYJU'S,Bengaluru,"₹25,000/month",3 months,Internship,Remote,MATLAB; Machine Learning; Message Queues,2026-06-12T14:35:09.301000,https://careers.byju's.com/job/138
69f4ba1d666614d785f74786,Frontend Engineer,Apple,Bengaluru / Remote,₹40.0 LPA,Full-time,Full-time,Hybrid,Caching; Growth Hacking; Microservices; Java; R,2026-06-18T14:35:09.301000,https://careers.apple.com/job/139
69f4ba1d666614d785f74787,Mobile Developer,Adobe,Noida,"₹15,000/month",3 months,Internship,Remote,Ruby; PyTorch,2026-05-19T14:35:09.301000,https://careers.adobe.com/job/140
69f4ba1d666614d785f74788,Software Engineering Intern,Cred,Bengaluru,"₹15,000/month",3 months,Internship,Remote,Firestore; Scrum,2026-05-24T14:35:09.301000,https://careers.cred.com/job/141
69f4ba1d666614d785f74789,Business Analyst,Khatabook,Bengaluru / Remote,₹9.0 LPA,Full-time,Full-time,Hybrid,REST APIs; PostgreSQL; Kubernetes,2026-06-29T14:35:09.301000,https://careers.khatabook.com/job/142
69f4ba1d666614d785f7478a,Business Analyst,InMobi,Bengaluru / Remote,₹18.0 LPA,Full-time,Full-time,Hybrid,Flask; Distributed Systems; Python; System Design; FastAPI,2026-06-22T14:35:09.301000,https://careers.inmobi.com/job/143
69f4ba1d666614d785f7478b,Data Science Intern,Anthropic,Remote,"₹80,000/month",3 months,Internship,Remote,Penetration Testing; Competitive Programming; Microservices; Cassandra,2026-05-20T14:35:09.301000,https://careers.anthropic.com/job/144
69f4ba1d666614d785f7478c,Data Science,ONGC,New Delhi / Remote,₹14.0 LPA,Full-time,Full-time,Remote,Redux; System Design; Scala; Flutter; Load Balancing,2026-05-20T14:35:09.301000,https://careers.ongc.com/job/145
69f4ba1d666614d785f7478d,Backend Engineer,Cars24,Gurgaon,"₹25,000/month",3 months,Internship,On-site,Algorithms; Linux; PyTorch; Jenkins; UI Design,2026-06-04T14:35:09.301000,https://careers.cars24.com/job/146
69f4ba1d666614d785f7478e,Business Analyst,TCS,Mumbai / Remote,"₹80,000/month",3 months,Internship,On-site,iOS Development; Hadoop; gRPC,2026-05-29T14:35:09.301000,https://careers.tcs.com/job/147
69f4ba1d666614d785f7478f,Backend Engineer,Axis Bank,Mumbai,₹7.0 LPA,Full-time,Full-time,Remote,Redis; Python; Linux; Web3; Tableau,2026-06-29T14:35:09.301000,https://careers.axisbank.com/job/148
69f4ba1d666614d785f74790,Business Analyst,Microsoft,Hyderabad / Remote,₹36.0 LPA,Full-time,Full-time,Remote,Caching; HTML/CSS,2026-05-16T14:35:09.301000,https://careers.microsoft.com/job/149
69f4ba1d666614d785f74791,Frontend Engineer,Tech Mahindra,Pune,₹4.0 LPA,Full-time,Full-time,On-site,Flask; Network Security; TypeScript; PostgreSQL,2026-06-11T14:35:09.301000,https://careers.techmahindra.com/job/150
69f4ba1d666614d785f74792,Software Engineering,PhonePe,Bengaluru / Remote,₹22.0 LPA,Full-time,Full-time,Remote,Zustand; GraphQL; Express; Tailwind CSS,2026-05-21T14:35:09.301000,https://careers.phonepe.com/job/151
69f4ba1d666614d785f74793,ML Research,Tech Mahindra,Pune / Remote,₹4.0 LPA,Full-time,Full-time,On-site,AWS; Kotlin; Dart; Network Security,2026-05-24T14:35:09.301000,https://careers.techmahindra.com/job/152
69f4ba1d666614d785f74794,Frontend Engineer,Meta,Mumbai / Remote,"₹25,000/month",3 months,Internship,Remote,Message Queues; Power BI; Microservices; Financial Modeling; Distributed Systems,2026-06-14T14:35:09.301000,https://careers.meta.com/job/153
69f4ba1d666614d785f74795,DevOps Engineer,Zomato,Gurgaon,"₹25,000/month",3 months,Internship,Remote,Jenkins; Flutter; iOS Development,2026-05-06T14:35:09.301000,https://careers.zomato.com/job/154
69f4ba1d666614d785f74796,Business Analyst,BYJU'S,Bengaluru,"₹15,000/month",3 months,Internship,On-site,Ethereum; WebSockets; Scala; Flutter,2026-06-03T14:35:09.301000,https://careers.byju's.com/job/155
69f4ba1d666614d785f74797,ML Research,Wipro,Bengaluru / Remote,₹4.0 LPA,Full-time,Full-time,Hybrid,Kotlin; React; Angular,2026-05-31T14:35:09.301000,https://careers.wipro.com/job/156
69f4ba1d666614d785f74798,Product Management Intern,Infosys,Bengaluru,"₹80,000/month",3 months,Internship,On-site,Flutter; Swift; Java; Terraform,2026-06-24T14:35:09.301000,https://careers.infosys.com/job/157
69f4ba1d666614d785f74799,Product Management,Freshworks,Chennai / Remote,₹18.0 LPA,Full-time,Full-time,On-site,Network Security; Growth Hacking; R; iOS Development,2026-05-31T14:35:09.302000,https://careers.freshworks.com/job/158
69f4ba1d666614d785f7479a,DevOps Engineer,Oracle,Bengaluru / Remote,"₹40,000/month",3 months,Internship,On-site,DSA; GitHub Actions; Next.js,2026-06-05T14:35:09.302000,https://careers.oracle.com/job/159
69f4ba1d666614d785f7479b,Software Engineering Intern,BharatPe,Delhi / Remote,"₹80,000/month",3 months,Internship,Remote,Angular; Problem Solving,2026-06-02T14:35:09.302000,https://careers.bharatpe.com/job/160
69f4ba1d666614d785f7479c,Frontend Engineer,Google,Bengaluru / Remote,"₹40,000/month",3 months,Internship,Remote,Leadership; Solidity; MLOps,2026-06-30T14:35:09.302000,https://careers.google.com/job/161
69f4ba1d666614d785f7479d,ML Research,Swiggy,Bengaluru / Remote,₹18.0 LPA,Full-time,Full-time,Remote,GCP; Git,2026-05-28T14:35:09.302000,https://careers.swiggy.com/job/162
69f4ba1d666614d785f7479e,Data Science,Freshworks,Chennai,₹18.0 LPA,Full-time,Full-time,Remote,R; Message Queues; UX Design,2026-05-21T14:35:09.302000,https://careers.freshworks.com/job/163
69f4ba1d666614d785f7479f,Product Management Intern,Niti Aayog,New Delhi,"₹40,000/month",3 months,Internship,Remote,UX Design; Vue.js; gRPC; NumPy; Cybersecurity,2026-06-19T14:35:09.302000,https://careers.nitiaayog.com/job/164
69f4ba1d666614d785f747a0,Backend Engineer,Salesforce,Hyderabad / Remote,"₹80,000/month",3 months,Internship,Remote,Data Structures; REST APIs; Product Management,2026-06-25T14:35:09.302000,https://careers.salesforce.com/job/165
69f4ba1d666614d785f747a1,Business Analyst,Google,Bengaluru,"₹25,000/month",3 months,Internship,Remote,Tableau; Go; Deep Learning; UX Design; Kubernetes,2026-05-19T14:35:09.302000,https://careers.google.com/job/166
69f4ba1d666614d785f747a2,Mobile Developer,Urban Company,Delhi / Remote,"₹80,000/month",3 months,Internship,Hybrid,Network Security; Kotlin; HTML/CSS; Firestore,2026-06-17T14:35:09.302000,https://careers.urbancompany.com/job/167
69f4ba1d666614d785f747a3,Designer,Anthropic,Remote,₹58.0 LPA,Full-time,Full-time,On-site,UX Design; Power BI; Content Strategy; GCP,2026-05-18T14:35:09.302000,https://careers.anthropic.com/job/168
69f4ba1d666614d785f747a4,Designer,Cognizant,Chennai / Remote,₹4.5 LPA,Full-time,Full-time,On-site,Vue.js; GitHub Actions; Content Strategy; Tailwind CSS; C++,2026-05-31T14:35:09.302000,https://careers.cognizant.com/job/169
69f4ba1d666614d785f747a5,Backend Engineer,Swiggy,Bengaluru,"₹15,000/month",3 months,Internship,Remote,SEO; UX Design; DynamoDB,2026-06-25T14:35:09.302000,https://careers.swiggy.com/job/170
69f4ba1d666614d785f747a6,Product Management Intern,Zomato,Gurgaon,"₹40,000/month",3 months,Internship,On-site,Java; Ethereum; MATLAB; MLOps,2026-06-21T14:35:09.302000,https://careers.zomato.com/job/171
69f4ba1d666614d785f747a7,ML Research,Swiggy,Bengaluru / Remote,₹18.0 LPA,Full-time,Full-time,Remote,PyTorch; Tailwind CSS; Microservices; CI/CD,2026-06-23T14:35:09.302000,https://careers.swiggy.com/job/172
69f4ba1d666614d785f747a8,Frontend Engineer,Microsoft,Hyderabad,"₹15,000/month",3 months,Internship,Remote,Growth Hacking; Flutter; GraphQL,2026-05-24T14:35:09.302000,https://careers.microsoft.com/job/173
69f4ba1d666614d785f747a9,Product Management,Microsoft,Hyderabad / Remote,₹36.0 LPA,Full-time,Full-time,Hybrid,Jenkins; HTML/CSS; Git; TensorFlow; Go,2026-05-31T14:35:09.302000,https://careers.microsoft.com/job/174
69f4ba1d666614d785f747aa,Mobile Developer,OpenAI,Remote / Remote,₹60.0 LPA,Full-time,Full-time,On-site,Deep Learning; Zustand; Redux; Swift,2026-06-16T14:35:09.302000,https://careers.openai.com/job/175
69f4ba1d666614d785f747ab,ML Research Intern,Adobe,Noida / Remote,"₹40,000/month",3 months,Internship,On-site,Load Balancing; FastAPI,2026-06-23T14:35:09.302000,https://careers.adobe.com/job/176
69f4ba1d666614d785f747ac,Software Engineering Intern,Deutsche Bank,Mumbai,"₹60,000/month",3 months,Internship,Remote,Scala; iOS Development; FastAPI; Kubernetes; Python,2026-05-07T14:35:09.302000,https://careers.deutschebank.com/job/177
69f4ba1d666614d785f747ad,DevOps Engineer,ICICI Bank,Mumbai,₹8.0 LPA,Full-time,Full-time,Remote,GitHub Actions; PostgreSQL; Dart; Scrum,2026-06-05T14:35:09.302000,https://careers.icicibank.com/job/178
69f4ba1d666614d785f747ae,Mobile Developer,Dream11,Mumbai / Remote,"₹25,000/month",3 months,Internship,Remote,Java; Load Balancing; Cassandra; Spring Boot,2026-05-18T14:35:09.302000,https://careers.dream11.com/job/179
69f4ba1d666614d785f747af,ML Research,Cars24,Gurgaon / Remote,₹7.0 LPA,Full-time,Full-time,On-site,Agile; Dart; Express,2026-05-13T14:35:09.302000,https://careers.cars24.com/job/180
69f4ba1d666614d785f747b0,DevOps Engineer,Dream11,Mumbai,₹22.0 LPA,Full-time,Full-time,Hybrid,Redis; Vue.js; Node.js; Algorithms; R,2026-05-23T14:35:09.302000,https://careers.dream11.com/job/181
69f4ba1d666614d785f747b1,Mobile Developer,Zoho,Chennai / Remote,"₹60,000/month",3 months,Internship,On-site,Scikit-learn; Leadership; Terraform; NLP; Azure,2026-06-23T14:35:09.302000,https://careers.zoho.com/job/182
69f4ba1d666614d785f747b2,DevOps Engineer,Meesho,Bengaluru / Remote,₹18.0 LPA,Full-time,Full-time,Hybrid,Network Security; Go; PostgreSQL,2026-06-05T14:35:09.302000,https://careers.meesho.com/job/183
69f4ba1d666614d785f747b3,Business Analyst,Niti Aayog,New Delhi / Remote,"₹80,000/month",3 months,Internship,On-site,Tableau; Network Security,2026-05-18T14:35:09.302000,https://careers.nitiaayog.com/job/184
69f4ba1d666614d785f747b4,Frontend Engineer,Netflix,Mumbai,₹48.0 LPA,Full-time,Full-time,Remote,Distributed Systems; FastAPI; TensorFlow; Elasticsearch,2026-05-10T14:35:09.302000,https://careers.netflix.com/job/185
69f4ba1d666614d785f747b5,Business Analyst,Hasura,Bengaluru,"₹40,000/month",3 months,Internship,Remote,Growth Hacking; Node.js; Power BI; Terraform,2026-06-03T14:35:09.302000,https://careers.hasura.com/job/186
69f4ba1d666614d785f747b6,Product Management,IBM India,Bengaluru,₹5.5 LPA,Full-time,Full-time,Hybrid,Web3; FastAPI; Kubernetes; Smart Contracts,2026-06-10T14:35:09.302000,https://careers.ibmindia.com/job/187
69f4ba1d666614d785f747b7,Software Engineering Intern,ONGC,New Delhi / Remote,"₹15,000/month",3 months,Internship,On-site,Competitive Programming; Data Structures; WebSockets; Swift; Figma,2026-06-13T14:35:09.302000,https://careers.ongc.com/job/188
69f4ba1d666614d785f747b8,Data Science,Capgemini,Mumbai / Remote,₹5.0 LPA,Full-time,Full-time,Hybrid,Apache Spark; Solidity; WebSockets; Tailwind CSS,2026-06-21T14:35:09.302000,https://careers.capgemini.com/job/189
69f4ba1d666614d785f747b9,ML Research,Amazon,Bengaluru / Remote,₹32.0 LPA,Full-time,Full-time,On-site,Message Queues; SEO,2026-06-09T14:35:09.302000,https://careers.amazon.com/job/190
69f4ba1d666614d785f747ba,Designer Intern,OpenAI,Remote / Remote,"₹80,000/month",3 months,Internship,Hybrid,Solidity; R; MongoDB; FastAPI; Pandas,2026-05-22T14:35:09.302000,https://careers.openai.com/job/191
69f4ba1d666614d785f747bb,Mobile Developer,Razorpay X,Bengaluru / Remote,₹8.0 LPA,Full-time,Full-time,Hybrid,System Design; Ethereum,2026-06-01T14:35:09.302000,https://careers.razorpayx.com/job/192
69f4ba1d666614d785f747bc,Data Science Intern,ONGC,New Delhi / Remote,"₹40,000/month",3 months,Internship,On-site,Ethereum; Spring Boot; GitHub Actions; Microservices; Financial Modeling,2026-06-17T14:35:09.302000,https://careers.ongc.com/job/193
69f4ba1d666614d785f747bd,Mobile Developer,Tech Mahindra,Pune / Remote,₹4.0 LPA,Full-time,Full-time,Remote,Kotlin; React Native,2026-06-19T14:35:09.302000,https://careers.techmahindra.com/job/194
69f4ba1d666614d785f747be,ML Research Intern,Infosys,Bengaluru,"₹40,000/month",3 months,Internship,Hybrid,Figma; Distributed Systems; Terraform; C++; MongoDB,2026-06-01T14:35:09.302000,https://careers.infosys.com/job/195
69f4ba1d666614d785f747bf,Frontend Engineer,Capgemini,Mumbai,₹5.0 LPA,Full-time,Full-time,Remote,Data Structures; GraphQL; TensorFlow,2026-06-12T14:35:09.302000,https://careers.capgemini.com/job/196
69f4ba1d666614d785f747c0,Data Science Intern,Razorpay X,Bengaluru / Remote,"₹80,000/month",3 months,Internship,Remote,Communication; Django; C++; GitHub Actions; Scikit-learn,2026-05-14T14:35:09.302000,https://careers.razorpayx.com/job/197
69f4ba1d666614d785f747c1,Business Analyst,Khatabook,Bengaluru,₹9.0 LPA,Full-time,Full-time,On-site,Load Balancing; UI Design; PostgreSQL; SEO; PHP,2026-06-24T14:35:09.302000,https://careers.khatabook.com/job/198
69f4ba1d666614d785f747c2,Business Analyst,Axis Bank,Mumbai / Remote,"₹15,000/month",3 months,Internship,Remote,Power BI; Smart Contracts; SQLite,2026-05-30T14:35:09.302000,https://careers.axisbank.com/job/199
69f4ba1d666614d785f747c3,Business Analyst,Spinny,Gurgaon / Remote,"₹80,000/month",3 months,Internship,Hybrid,Problem Solving; Data Science; Git,2026-06-23T14:35:09.302000,https://careers.spinny.com/job/200
69f4ba1d666614d785f747c4,Business Analyst,Wipro,Bengaluru,₹4.0 LPA,Full-time,Full-time,On-site,C++; Communication; UX Design; Redis,2026-05-14T14:35:09.302000,https://careers.wipro.com/job/201
69f4ba1d666614d785f747c5,Mobile Developer,Anthropic,Remote / Remote,"₹15,000/month",3 months,Internship,Remote,Smart Contracts; Problem Solving; Ruby; System Design; GitHub Actions,2026-06-01T14:35:09.302000,https://careers.anthropic.com/job/202
69f4ba1d666614d785f747c6,Mobile Developer,Anthropic,Remote,₹58.0 LPA,Full-time,Full-time,Remote,Smart Contracts; Flutter; Load Balancing; Agile; Java,2026-06-26T14:35:09.302000,https://careers.anthropic.com/job/203
69f4ba1d666614d785f747c7,Product Management,Atlassian,Bengaluru / Remote,₹32.0 LPA,Full-time,Full-time,Remote,Hadoop; React; Distributed Systems,2026-06-19T14:35:09.302000,https://careers.atlassian.com/job/204
69f4ba1d666614d785f747c8,Business Analyst,BYJU'S,Bengaluru / Remote,"₹40,000/month",3 months,Internship,Hybrid,Solidity; Python; MLOps; Machine Learning; Elasticsearch,2026-05-16T14:35:09.302000,https://careers.byju's.com/job/205
69f4ba1d666614d785f747c9,ML Research Intern,Apple,Bengaluru,"₹40,000/month",3 months,Internship,On-site,Scala; Agile; Digital Marketing,2026-05-25T14:35:09.302000,https://careers.apple.com/job/206
69f4ba1d666614d785f747ca,Mobile Developer,Amazon,Bengaluru,"₹15,000/month",3 months,Internship,Remote,SEO; Caching; Penetration Testing; Linux,2026-05-30T14:35:09.302000,https://careers.amazon.com/job/207
69f4ba1d666614d785f747cb,Designer,Capgemini,Mumbai / Remote,₹5.0 LPA,Full-time,Full-time,On-site,Zustand; Python; Docker; gRPC; Cybersecurity,2026-05-23T14:35:09.302000,https://careers.capgemini.com/job/208
69f4ba1d666614d785f747cc,Product Management,InMobi,Bengaluru,₹18.0 LPA,Full-time,Full-time,Remote,Financial Modeling; Rust; Problem Solving,2026-06-04T14:35:09.302000,https://careers.inmobi.com/job/209
69f4ba1d666614d785f747cd,DevOps Engineer,Reliance Jio,Mumbai / Remote,"₹40,000/month",3 months,Internship,Remote,Terraform; UX Design,2026-06-17T14:35:09.302000,https://careers.reliancejio.com/job/210
69f4ba1d666614d785f747ce,Product Management Intern,OpenAI,Remote / Remote,"₹80,000/month",3 months,Internship,Remote,Digital Marketing; Message Queues; DSA; Leadership,2026-05-11T14:35:09.302000,https://careers.openai.com/job/211
69f4ba1d666614d785f747cf,Business Analyst,ISRO,Bengaluru,₹14.0 LPA,Full-time,Full-time,Remote,Scikit-learn; Rust,2026-06-01T14:35:09.302000,https://careers.isro.com/job/212
69f4ba1d666614d785f747d0,Data Science Intern,OpenAI,Remote / Remote,"₹60,000/month",3 months,Internship,On-site,NLP; UX Design,2026-05-16T14:35:09.302000,https://careers.openai.com/job/213
69f4ba1d666614d785f747d1,Software Engineering Intern,Spinny,Gurgaon / Remote,"₹15,000/month",3 months,Internship,On-site,Redis; Computer Vision; Cassandra; Ethereum,2026-06-04T14:35:09.302000,https://careers.spinny.com/job/214
69f4ba1d666614d785f747d2,Frontend Engineer,Capgemini,Mumbai / Remote,₹5.0 LPA,Full-time,Full-time,Remote,UI Design; NumPy; Product Management,2026-05-10T14:35:09.302000,https://careers.capgemini.com/job/215
69f4ba1d666614d785f747d3,DevOps Engineer,JP Morgan,Mumbai,₹26.0 LPA,Full-time,Full-time,On-site,Dart; HTML/CSS; Business Analytics; Scikit-learn; GitHub Actions,2026-05-06T14:35:09.302000,https://careers.jpmorgan.com/job/216
69f4ba1d666614d785f747d4,Product Management Intern,Amazon,Bengaluru,"₹60,000/month",3 months,Internship,Hybrid,Pandas; Kotlin,2026-05-18T14:35:09.302000,https://careers.amazon.com/job/217
69f4ba1d666614d785f747d5,Backend Engineer,Hasura,Bengaluru,"₹80,000/month",3 months,Internship,Hybrid,Product Management; Figma; Redux; UI Design; REST APIs,2026-06-18T14:35:09.302000,https://careers.hasura.com/job/218
69f4ba1d666614d785f747d6,Frontend Engineer,Google,Bengaluru / Remote,"₹25,000/month",3 months,Internship,Hybrid,Solidity; Web3,2026-05-25T14:35:09.302000,https://careers.google.com/job/219
69f4ba1d666614d785f747d7,Mobile Developer,Khatabook,Bengaluru / Remote,"₹40,000/month",3 months,Internship,On-site,React Native; FastAPI,2026-05-21T14:35:09.302000,https://careers.khatabook.com/job/220
69f4ba1d666614d785f747d8,Mobile Developer,Hasura,Bengaluru,"₹15,000/month",3 months,Internship,Hybrid,Data Structures; Kotlin; GraphQL; Penetration Testing; Kubernetes,2026-05-14T14:35:09.302000,https://careers.hasura.com/job/221
69f4ba1d666614d785f747d9,DevOps Engineer,L&T Infotech,Mumbai,"₹40,000/month",3 months,Internship,On-site,Go; GCP; FastAPI; Problem Solving,2026-06-07T14:35:09.302000,https://careers.l&tinfotech.com/job/222
69f4ba1d666614d785f747da,Frontend Engineer,Niti Aayog,New Delhi / Remote,₹12.0 LPA,Full-time,Full-time,Hybrid,Agile; C++; GraphQL; GitHub Actions,2026-06-09T14:35:09.302000,https://careers.nitiaayog.com/job/223
69f4ba1d666614d785f747db,DevOps Engineer,ISRO,Bengaluru,₹14.0 LPA,Full-time,Full-time,Remote,NLP; Docker; PostgreSQL,2026-05-15T14:35:09.302000,https://careers.isro.com/job/224
69f4ba1d666614d785f747dc,Designer Intern,Cars24,Gurgaon,"₹60,000/month",3 months,Internship,Remote,Financial Modeling; NumPy; Cybersecurity; SEO; Network Security,2026-05-24T14:35:09.302000,https://careers.cars24.com/job/225
69f4ba1d666614d785f747dd,Frontend Engineer,Infosys,Bengaluru,"₹25,000/month",3 months,Internship,Remote,Communication; Tailwind CSS; Vue.js; Web3; Rust,2026-06-13T14:35:09.302000,https://careers.infosys.com/job/226
69f4ba1d666614d785f747de,DevOps Engineer,Khatabook,Bengaluru,"₹15,000/month",3 months,Internship,On-site,Java; Terraform; Linux,2026-06-04T14:35:09.302000,https://careers.khatabook.com/job/227
69f4ba1d666614d785f747df,Product Management Intern,Khatabook,Bengaluru,"₹80,000/month",3 months,Internship,On-site,Kubernetes; Penetration Testing; iOS Development; Android Development,2026-06-22T14:35:09.302000,https://careers.khatabook.com/job/228
69f4ba1d666614d785f747e0,Mobile Developer,Vedantu,Bengaluru / Remote,"₹60,000/month",3 months,Internship,Hybrid,GitHub Actions; Distributed Systems; Data Science; NumPy; Data Structures,2026-06-14T14:35:09.302000,https://careers.vedantu.com/job/229
69f4ba1d666614d785f747e1,Frontend Engineer,TCS,Mumbai / Remote,"₹80,000/month",3 months,Internship,Hybrid,Computer Vision; Tailwind CSS; Rust; NLP,2026-06-27T14:35:09.302000,https://careers.tcs.com/job/230
69f4ba1d666614d785f747e2,DevOps Engineer,Cred,Bengaluru / Remote,₹24.0 LPA,Full-time,Full-time,Remote,React Native; Next.js,2026-05-07T14:35:09.302000,https://careers.cred.com/job/231
69f4ba1d666614d785f747e3,Data Science Intern,TCS,Mumbai,"₹40,000/month",3 months,Internship,Remote,GitHub Actions; Angular; Penetration Testing; DSA; Web3,2026-06-22T14:35:09.302000,https://careers.tcs.com/job/232
69f4ba1d666614d785f747e4,Data Science,Meta,Mumbai,₹42.0 LPA,Full-time,Full-time,On-site,Django; Redis,2026-05-19T14:35:09.302000,https://careers.meta.com/job/233
69f4ba1d666614d785f747e5,DevOps Engineer,Cognizant,Chennai,"₹40,000/month",3 months,Internship,Hybrid,Next.js; TypeScript; iOS Development; Penetration Testing; System Design,2026-06-28T14:35:09.302000,https://careers.cognizant.com/job/234
69f4ba1d666614d785f747e6,Product Management Intern,Deutsche Bank,Mumbai / Remote,"₹15,000/month",3 months,Internship,Hybrid,SQLite; Network Security,2026-06-08T14:35:09.302000,https://careers.deutschebank.com/job/235
69f4ba1d666614d785f747e7,Frontend Engineer,BYJU'S,Bengaluru / Remote,"₹80,000/month",3 months,Internship,On-site,Machine Learning; Cybersecurity; Business Analytics; MATLAB; Network Security,2026-06-14T14:35:09.302000,https://careers.byju's.com/job/236
69f4ba1d666614d785f747e8,Data Science,Meta,Mumbai / Remote,₹42.0 LPA,Full-time,Full-time,On-site,GitHub Actions; MLOps; Next.js; Python,2026-06-17T14:35:09.302000,https://careers.meta.com/job/237
69f4ba1d666614d785f747e9,Backend Engineer,Google,Bengaluru,"₹60,000/month",3 months,Internship,On-site,CI/CD; R; Computer Vision; Deep Learning; Load Balancing,2026-05-15T14:35:09.302000,https://careers.google.com/job/238
69f4ba1d666614d785f747ea,Frontend Engineer,MPL,Bengaluru / Remote,₹18.0 LPA,Full-time,Full-time,Remote,Elasticsearch; GraphQL,2026-05-22T14:35:09.302000,https://careers.mpl.com/job/239
69f4ba1d666614d785f747eb,Backend Engineer,Nykaa,Mumbai / Remote,₹14.0 LPA,Full-time,Full-time,Hybrid,Apache Spark; Leadership; Network Security,2026-05-12T14:35:09.302000,https://careers.nykaa.com/job/240
69f4ba1d666614d785f747ec,Software Engineering Intern,HDFC Bank,Mumbai / Remote,"₹25,000/month",3 months,Internship,On-site,Ruby; Tableau; AWS,2026-06-01T14:35:09.302000,https://careers.hdfcbank.com/job/241
69f4ba1d666614d785f747ed,Business Analyst,PhonePe,Bengaluru / Remote,₹22.0 LPA,Full-time,Full-time,Remote,Git; SQLite; Network Security,2026-06-21T14:35:09.302000,https://careers.phonepe.com/job/242
69f4ba1d666614d785f747ee,Frontend Engineer,Bajaj Finance,Pune,"₹40,000/month",3 months,Internship,Hybrid,Go; Zustand; Redis; Competitive Programming; Redux,2026-05-23T14:35:09.302000,https://careers.bajajfinance.com/job/243
69f4ba1d666614d785f747ef,DevOps Engineer,Google,Bengaluru / Remote,₹38.0 LPA,Full-time,Full-time,Remote,Deep Learning; JavaScript; TensorFlow; Web3; MLOps,2026-06-24T14:35:09.302000,https://careers.google.com/job/244
69f4ba1d666614d785f747f0,Business Analyst,Google,Bengaluru / Remote,₹38.0 LPA,Full-time,Full-time,Remote,CI/CD; Cassandra; Ruby; SEO; Ethereum,2026-06-25T14:35:09.302000,https://careers.google.com/job/245
69f4ba1d666614d785f747f1,Business Analyst,IBM India,Bengaluru / Remote,"₹40,000/month",3 months,Internship,Hybrid,Leadership; HTML/CSS; MLOps,2026-05-11T14:35:09.302000,https://careers.ibmindia.com/job/246
69f4ba1d666614d785f747f2,Backend Engineer,Meesho,Bengaluru / Remote,"₹80,000/month",3 months,Internship,On-site,Distributed Systems; Growth Hacking,2026-05-06T14:35:09.302000,https://careers.meesho.com/job/247
69f4ba1d666614d785f747f3,Frontend Engineer,Atlassian,Bengaluru,₹32.0 LPA,Full-time,Full-time,Hybrid,Cassandra; PyTorch,2026-06-20T14:35:09.302000,https://careers.atlassian.com/job/248
69f4ba1d666614d785f747f4,Mobile Developer,Mindtree,Bengaluru / Remote,"₹60,000/month",3 months,Internship,Remote,Jenkins; Rust,2026-05-06T14:35:09.302000,https://careers.mindtree.com/job/249
69f4ba1d666614d785f747f5,Backend Engineer,Vedantu,Bengaluru,₹12.0 LPA,Full-time,Full-time,Remote,Algorithms; Elasticsearch,2026-05-13T14:35:09.302000,https://careers.vedantu.com/job/250
69f4ba1d666614d785f747f6,Designer,Vedantu,Bengaluru / Remote,₹12.0 LPA,Full-time,Full-time,Hybrid,Tailwind CSS; PHP; Business Analytics,2026-06-18T14:35:09.302000,https://careers.vedantu.com/job/251
69f4ba1d666614d785f747f7,Backend Engineer,Zomato,Gurgaon / Remote,₹18.0 LPA,Full-time,Full-time,Hybrid,Flask; Data Science,2026-06-10T14:35:09.302000,https://careers.zomato.com/job/252
69f4ba1d666614d785f747f8,Backend Engineer,Amazon,Bengaluru,₹32.0 LPA,Full-time,Full-time,Remote,React Native; Jenkins,2026-06-13T14:35:09.302000,https://careers.amazon.com/job/253
69f4ba1d666614d785f747f9,Backend Engineer,L&T Infotech,Mumbai / Remote,"₹60,000/month",3 months,Internship,Remote,Data Structures; Android Development; Express; DSA; Flask,2026-05-14T14:35:09.302000,https://careers.l&tinfotech.com/job/254
69f4ba1d666614d785f747fa,DevOps Engineer,ONGC,New Delhi,"₹60,000/month",3 months,Internship,On-site,Power BI; Rust,2026-05-08T14:35:09.302000,https://careers.ongc.com/job/255
69f4ba1d666614d785f747fb,Software Engineering,Bajaj Finance,Pune,₹10.0 LPA,Full-time,Full-time,Remote,Android Development; HTML/CSS,2026-06-13T14:35:09.302000,https://careers.bajajfinance.com/job/256
69f4ba1d666614d785f747fc,Product Management,Dream11,Mumbai / Remote,₹22.0 LPA,Full-time,Full-time,Hybrid,Scala; Node.js,2026-05-30T14:35:09.302000,https://careers.dream11.com/job/257
69f4ba1d666614d785f747fd,DevOps Engineer,InMobi,Bengaluru,"₹25,000/month",3 months,Internship,Remote,Firestore; Flutter,2026-05-17T14:35:09.302000,https://careers.inmobi.com/job/258
69f4ba1d666614d785f747fe,Software Engineering Intern,BharatPe,Delhi,"₹40,000/month",3 months,Internship,Hybrid,Business Analytics; Scrum; Agile; Flutter; Angular,2026-05-20T14:35:09.302000,https://careers.bharatpe.com/job/259
69f4ba1d666614d785f747ff,Mobile Developer,Google,Bengaluru,"₹15,000/month",3 months,Internship,On-site,Azure; Algorithms; PostgreSQL; MongoDB,2026-06-30T14:35:09.302000,https://careers.google.com/job/260
69f4ba1d666614d785f74800,Data Science,Deutsche Bank,Mumbai,₹24.0 LPA,Full-time,Full-time,On-site,PHP; TensorFlow; Ethereum,2026-05-30T14:35:09.302000,https://careers.deutschebank.com/job/261
69f4ba1d666614d785f74801,DevOps Engineer,Capgemini,Mumbai,₹5.0 LPA,Full-time,Full-time,Remote,Linux; Growth Hacking; Hadoop; Business Analytics,2026-05-14T14:35:09.302000,https://careers.capgemini.com/job/262
69f4ba1d666614d785f74802,DevOps Engineer,Cognizant,Chennai,₹4.5 LPA,Full-time,Full-time,Remote,Python; Azure; Spring Boot; Java; Vue.js,2026-06-22T14:35:09.302000,https://careers.cognizant.com/job/263
69f4ba1d666614d785f74803,Software Engineering Intern,Tech Mahindra,Pune / Remote,"₹40,000/month",3 months,Internship,Remote,Python; Django; Terraform; NLP; GitHub Actions,2026-06-27T14:35:09.302000,https://careers.techmahindra.com/job/264
69f4ba1d666614d785f74804,Designer Intern,Razorpay X,Bengaluru,"₹15,000/month",3 months,Internship,Hybrid,Java; Docker; Go; Next.js; Competitive Programming,2026-06-16T14:35:09.302000,https://careers.razorpayx.com/job/265
69f4ba1d666614d785f74805,Business Analyst,Microsoft,Hyderabad / Remote,₹36.0 LPA,Full-time,Full-time,Remote,Java; Django,2026-06-12T14:35:09.302000,https://careers.microsoft.com/job/266
69f4ba1d666614d785f74806,Business Analyst,Unacademy,Bengaluru / Remote,₹13.0 LPA,Full-time,Full-time,Remote,Azure; Vue.js; C++,2026-05-27T14:35:09.302000,https://careers.unacademy.com/job/267
69f4ba1d666614d785f74807,Business Analyst,DRDO,New Delhi / Remote,₹14.0 LPA,Full-time,Full-time,On-site,Problem Solving; Android Development; Azure; Spring Boot; Dart,2026-05-31T14:35:09.302000,https://careers.drdo.com/job/268
69f4ba1d666614d785f74808,Frontend Engineer,Urban Company,Delhi,"₹40,000/month",3 months,Internship,Remote,AWS; Tableau; MongoDB; Leadership; Cassandra,2026-06-15T14:35:09.302000,https://careers.urbancompany.com/job/269
69f4ba1d666614d785f74809,Designer Intern,Wipro,Bengaluru,"₹15,000/month",3 months,Internship,On-site,Git; MySQL; SQLite; FastAPI,2026-05-13T14:35:09.302000,https://careers.wipro.com/job/270
69f4ba1d666614d785f7480a,Frontend Engineer,Goldman Sachs,Bengaluru,₹28.0 LPA,Full-time,Full-time,Remote,AWS; Product Management; Computer Vision; Django; MySQL,2026-05-31T14:35:09.302000,https://careers.goldmansachs.com/job/271
69f4ba1d666614d785f7480b,Mobile Developer,Swiggy,Bengaluru,"₹15,000/month",3 months,Internship,Hybrid,React Native; React; Tableau; Penetration Testing,2026-05-26T14:35:09.302000,https://careers.swiggy.com/job/272
69f4ba1d666614d785f7480c,Designer,Unacademy,Bengaluru / Remote,₹13.0 LPA,Full-time,Full-time,Hybrid,MATLAB; Financial Modeling; Linux; Vue.js; Elasticsearch,2026-05-07T14:35:09.302000,https://careers.unacademy.com/job/273
69f4ba1d666614d785f7480d,Data Science,Flipkart,Bengaluru / Remote,₹20.0 LPA,Full-time,Full-time,Remote,C++; Next.js; Node.js; GCP; Business Analytics,2026-06-07T14:35:09.302000,https://careers.flipkart.com/job/274
69f4ba1d666614d785f7480e,Data Science,Zoho,Chennai,₹16.0 LPA,Full-time,Full-time,Hybrid,TensorFlow; Spring Boot,2026-06-06T14:35:09.302000,https://careers.zoho.com/job/275
69f4ba1d666614d785f7480f,Frontend Engineer,OpenAI,Remote / Remote,"₹40,000/month",3 months,Internship,On-site,Load Balancing; Kotlin; Docker; Next.js; Tailwind CSS,2026-05-10T14:35:09.302000,https://careers.openai.com/job/276
69f4ba1d666614d785f74810,Backend Engineer,Infosys,Bengaluru,"₹25,000/month",3 months,Internship,Hybrid,Kotlin; Data Structures; Kubernetes; gRPC,2026-05-12T14:35:09.302000,https://careers.infosys.com/job/277
69f4ba1d666614d785f74811,Data Science Intern,ONGC,New Delhi,"₹80,000/month",3 months,Internship,Hybrid,DSA; Pandas; React; Load Balancing,2026-06-15T14:35:09.302000,https://careers.ongc.com/job/278
69f4ba1d666614d785f74812,Data Science,TCS,Mumbai / Remote,₹4.0 LPA,Full-time,Full-time,Hybrid,Message Queues; Django; Machine Learning; SQLite; Terraform,2026-05-21T14:35:09.302000,https://careers.tcs.com/job/279
69f4ba1d666614d785f74813,Mobile Developer,HDFC Bank,Mumbai / Remote,"₹15,000/month",3 months,Internship,Remote,Jenkins; Microservices; Python; Docker; Scrum,2026-06-24T14:35:09.302000,https://careers.hdfcbank.com/job/280
69f4ba1d666614d785f74814,ML Research,Bajaj Finance,Pune,₹10.0 LPA,Full-time,Full-time,On-site,System Design; gRPC,2026-06-26T14:35:09.302000,https://careers.bajajfinance.com/job/281
69f4ba1d666614d785f74815,ML Research Intern,Zomato,Gurgaon,"₹25,000/month",3 months,Internship,On-site,Deep Learning; Hadoop; Flask; Django,2026-06-19T14:35:09.302000,https://careers.zomato.com/job/282
69f4ba1d666614d785f74816,Frontend Engineer,Ola,Bengaluru / Remote,₹16.0 LPA,Full-time,Full-time,On-site,Express; Caching; GitHub Actions,2026-05-08T14:35:09.302000,https://careers.ola.com/job/283
69f4ba1d666614d785f74817,DevOps Engineer,Deutsche Bank,Mumbai,"₹80,000/month",3 months,Internship,Remote,Jenkins; Business Analytics; Pandas,2026-06-30T14:35:09.302000,https://careers.deutschebank.com/job/284
69f4ba1d666614d785f74818,ML Research Intern,Swiggy,Bengaluru / Remote,"₹80,000/month",3 months,Internship,Remote,Network Security; Data Structures; Flutter,2026-06-30T14:35:09.302000,https://careers.swiggy.com/job/285
69f4ba1d666614d785f74819,Frontend Engineer,Deutsche Bank,Mumbai / Remote,"₹15,000/month",3 months,Internship,Remote,C++; Load Balancing; R,2026-05-10T14:35:09.302000,https://careers.deutschebank.com/job/286
69f4ba1d666614d785f7481a,Data Science Intern,PhonePe,Bengaluru,"₹80,000/month",3 months,Internship,On-site,Vue.js; Django; Redis; Tableau,2026-06-12T14:35:09.302000,https://careers.phonepe.com/job/287
69f4ba1d666614d785f7481b,Backend Engineer,Bajaj Finance,Pune / Remote,"₹25,000/month",3 months,Internship,Hybrid,PHP; SQLite; WebSockets; Git,2026-05-30T14:35:09.302000,https://careers.bajajfinance.com/job/288
69f4ba1d666614d785f7481c,ML Research Intern,Urban Company,Delhi / Remote,"₹15,000/month",3 months,Internship,Hybrid,Node.js; Microservices,2026-05-07T14:35:09.302000,https://careers.urbancompany.com/job/289
69f4ba1d666614d785f7481d,DevOps Engineer,Dream11,Mumbai / Remote,₹22.0 LPA,Full-time,Full-time,Hybrid,Agile; React Native; Redux,2026-05-14T14:35:09.302000,https://careers.dream11.com/job/290
69f4ba1d666614d785f7481e,Designer Intern,Ola,Bengaluru / Remote,"₹15,000/month",3 months,Internship,Hybrid,Linux; DSA,2026-05-31T14:35:09.302000,https://careers.ola.com/job/291
69f4ba1d666614d785f7481f,ML Research Intern,Bajaj Finance,Pune / Remote,"₹60,000/month",3 months,Internship,On-site,Python; Express; Distributed Systems; Azure; Rust,2026-06-26T14:35:09.302000,https://careers.bajajfinance.com/job/292
69f4ba1d666614d785f74820,Software Engineering,Swiggy,Bengaluru,₹18.0 LPA,Full-time,Full-time,On-site,Vue.js; Product Management; MySQL; PHP,2026-06-25T14:35:09.302000,https://careers.swiggy.com/job/293
69f4ba1d666614d785f74821,Mobile Developer,Morgan Stanley,Mumbai / Remote,₹27.0 LPA,Full-time,Full-time,Hybrid,C++; Agile; UI Design; Deep Learning,2026-06-07T14:35:09.302000,https://careers.morganstanley.com/job/294
69f4ba1d666614d785f74822,Software Engineering Intern,Deutsche Bank,Mumbai,"₹15,000/month",3 months,Internship,Remote,Deep Learning; Flutter,2026-05-21T14:35:09.302000,https://careers.deutschebank.com/job/295
69f4ba1d666614d785f74823,Frontend Engineer,IBM India,Bengaluru / Remote,₹5.5 LPA,Full-time,Full-time,On-site,Growth Hacking; gRPC; CI/CD; Competitive Programming; Ruby,2026-06-03T14:35:09.302000,https://careers.ibmindia.com/job/296
69f4ba1d666614d785f74824,Business Analyst,Freshworks,Chennai,"₹60,000/month",3 months,Internship,On-site,iOS Development; Problem Solving; Digital Marketing,2026-06-22T14:35:09.302000,https://careers.freshworks.com/job/297
69f4ba1d666614d785f74825,Designer,InMobi,Bengaluru,₹18.0 LPA,Full-time,Full-time,On-site,REST APIs; Android Development,2026-05-08T14:35:09.302000,https://careers.inmobi.com/job/298
69f4ba1d666614d785f74826,ML Research,Wipro,Bengaluru / Remote,₹4.0 LPA,Full-time,Full-time,Hybrid,MySQL; Android Development,2026-06-27T14:35:09.302000,https://careers.wipro.com/job/299
69f4ba1d666614d785f74827,Data Science Intern,Ola,Bengaluru / Remote,"₹25,000/month",3 months,Internship,On-site,iOS Development; REST APIs; Kubernetes,2026-05-12T14:35:09.302000,https://careers.ola.com/job/300
